<project xmlns="http://maven.apache.org/POM/4.0.0"
	xmlns:xsi="http://www.w3.org/2001/XMLSchema-instance"
	xsi:schemaLocation="http://maven.apache.org/POM/4.0.0 https://maven.apache.org/xsd/maven-4.0.0.xsd">
	<modelVersion>4.0.0</modelVersion>
	<groupId>com.yash</groupId>
	<artifactId>Springref</artifactId>
	<version>0.0.1-SNAPSHOT</version>
	<dependencies>

		<!-- https://mvnrepository.com/artifact/org.springframework/spring-core -->
		<dependency>
			<groupId>org.springframework</groupId>
			<artifactId>spring-core</artifactId>
			<version>5.3.19</version>
		</dependency><!-- https://mvnrepository.com/artifact/org.springframework/spring-context -->
		<dependency>
			<groupId>org.springframework</groupId>
			<artifactId>spring-context</artifactId>
			<version>5.3.19</version>
		</dependency>

	</dependencies>
</project>